{
    "DTDVal": 0.973404255319149,
    "DTD": 0.976063829787234,
    "EuroSATVal": 0.997037037037037,
    "EuroSAT": 0.9992592592592593
}